[
	{
		"user": "U1",
		"text": "Hello 1",
		"ts": "1355517523.000005",
		"user_profile": {
			"id": "U1",
			"name": "user1",
			"real_name": "user1",
			"display_name": ""
		}
	},
	{
		"user": "U2",
		"text": "Hello 2",
		"ts": "1355517524.000005",
		"user_profile": {
			"id": "U2",
			"name": "user2",
			"real_name": "user2",
			"display_name": ""
		}
	},
	{
		"user": "U2",
		"text": "Hello again 2",
		"ts": "1355517525.000005",
		"user_profile": {
			"id": "U2",
			"name": "user2",
			"real_name": "user2",
			"display_name": ""
		}
	},
	{
		"user": "U1",
		"text": "Hello again 1",
		"ts": "1355517526.000005",
		"user_profile": {
			"id": "U1",
			"name": "user1",
			"real_name": "user1",
			"display_name": ""
		}
	}
]